{
  "title": "Ark Explorer",
  "server": "https://explorer.ark.io/api/v2",
  "alias": "Main",
  "activeDelegates": 51,
  "rewardOffset": 75600,
  "currencies": {
    "AUD": "A$",
    "BRL": "R$",
    "BTC": "Ƀ",
    "CAD": "C$",
    "CHF": "CHF",
    "CNY": "¥",
    "ETH": "Ξ",
    "EUR": "€",
    "GBP": "£",
    "JPY": "¥",
    "KRW": "₩",
    "LTC": "Ł",
    "NZD": "N$",
    "RUB": "₽",
    "USD": "$"
  },
  "knownWallets": {
    "AagJoLEnpXYkxYdYkmdDSNMLjjBkLJ6T67": "ACF Hot Wallet",
    "AWkBFnqvCF4jhqPSdE2HBPJiwaf67tgfGR": "ACF Hot Wallet (old)",
    "ANvR7ny44GrLy4NTfuVqjGYr4EAwK7vnkW": "Altilly",
    "AYCTHSZionfGoQsRnv5gECEuFWcZXS38gs": "Ark Bounty",
    "AZmQJ2P9xg5j6VPZWjcTzWDD4w7Qww2KGX": "Ark GitHub Bounty",
    "ANkHGk5uZqNrKFNY5jtd4A88zzFR3LnJbe": "Ark Hot Wallet",
    "AdTyTzaXPtj1J1DzTgVksa9NYdUuXCRbm1": "Ark Shield",
    "AUDud8tvyVZa67p3QY7XPRUTjRGnWQQ9Xv": "Ark Team",
    "AFrPtEmzu6wdVpa2CnRDEKGQQMWgq8nE9V": "Binance",
    "AQkyi31gUbLuFp7ArgH9hUCewg22TkxWpk": "Binance Cold Wallet",
    "AdS7WvzqusoP759qRo6HDmUz2L34u4fMHz": "Binance Cold Wallet II",
    "Aakg29vVhQhJ5nrsAHysTUqkTBVfmgBSXU": "Binance Cold Wallet III",
    "AUexKjGtgsSpVzPLs6jNMM6vJ6znEVTQWK": "Bittrex",
    "AdA5THjiVFAWhcMo5QyTKF1Y6d39bnPR2F": "Changelly",
    "AcPwcdDbrprJf8FNCE3dKZaTvPJT8y4Cqi": "COSS",
    "AJbmGnDAx9y91MQCDApyaqZhn6fBvYX9iJ": "Cryptopia",
    "AewxfHQobSc49a4radHp74JZCGP8LRe4xA": "Genesis Wallet",
    "AcVHEfEmFJkgoyuNczpgyxEA3MZ747DRAu": "Livecoin",
    "AZcK6t1P9Z2ndiYvdVaS7srzYbTn5DHmck": "OKEx",
    "ANQftoXeWoa9ud9q9dd2ZrUpuKinpdejAJ": "Upbit"
  },
  "defaults": {
    "token": "ARK",
    "symbol": "Ѧ",
    "currency": {
      "name": "USD",
      "symbol": "$"
    },
    "priceChart": true,
    "priceChartPeriod": "day"
  }
}
