{
  "success": true,
  "transactions": [
    {
      "id": "f99ef164f412c450756407f43071d60e9949468d218f58b95a5b2a08d223e887",
      "blockid": "3582090457802670555",
      "type": 0,
      "timestamp": 25541725,
      "amount": 128141700000,
      "fee": 10000000,
      "senderId": "Aa1KrQafBBbS6FHeWLTckY9vnpNJxfPFps",
      "recipientId": "AUexKjGtgsSpVzPLs6jNMM6vJ6znEVTQWK",
      "senderPublicKey":
        "0310012c7b17e330d86dbeacbd9f30914401df76b382bcce52495f819fef07ceb5",
      "signature":
        "3045022100d2379e77f1b641f779b6a988253f9bef7a702c6f92f8f38a794e41b4e740ee1a022010f8a98e2ab365adb6358095549928576f072939c867c4e2e65152335b731d8c",
      "asset": {},
      "confirmations": 12,
      "knownSender": null,
      "knownRecipient": { "owner": "Bittrex", "description": "Main Wallet" },
      "senderDelegate": null,
      "recipientPublicKey":
        "02ff171adaef486b7db9fc160b28433d20cf43163d56fd28fee72145f0d5219a4b",
      "recipientDelegate": null
    },
    {
      "id": "7cfeff6ffa010bdd01c4f17ecf4e56a6aad93dd872df21eb972f51bc5c87a847",
      "blockid": "6174635679215102066",
      "type": 0,
      "timestamp": 25541683,
      "amount": 128151700000,
      "fee": 10000000,
      "senderId": "AVehcwpr5v74YFZGTtJXkUpGsHhz2sHbgQ",
      "recipientId": "Aa1KrQafBBbS6FHeWLTckY9vnpNJxfPFps",
      "senderPublicKey":
        "03d1d29b774a132a6c6af325eb61dee47cd4f61af93e7f2ba3c09899063eb3f12b",
      "signature":
        "3045022100f3ad5dbf1f845609887eeb87a429b16551e50bebd96bee68aaf5aa0a9bb7802c02207960626def8866eb61229f49fe8935ff33ec5988886e3d9348505529233ba75e",
      "asset": {},
      "confirmations": 19,
      "knownSender": null,
      "knownRecipient": null,
      "senderDelegate": null,
      "recipientPublicKey": null,
      "recipientDelegate": null
    },
    {
      "id": "44482be14677354ca02e90ad3c83ba4b0a72e6789f2eac2d937750860712d84c",
      "blockid": "4094442188032841122",
      "type": 0,
      "timestamp": 25541640,
      "amount": 225174999977,
      "fee": 10000000,
      "vendorField": "binance",
      "senderId": "ANM1f9GJ7G4mpgdPnvdoiYiVcjtTvdcXNL",
      "recipientId": "AFrPtEmzu6wdVpa2CnRDEKGQQMWgq8nE9V",
      "senderPublicKey":
        "020148da5cfc456b20f89ee9758c4a4fed250793b781d89429890bd2c02310b140",
      "signature":
        "304402203327a42b100a6aad08b050368513b6a1ace7babe7c1f981cb1d3da880cabdda002202c4721bdd34e874a31f657168780771e9581b964ec52b9e3c175d3b2661a6af8",
      "asset": {},
      "confirmations": 25,
      "knownSender": null,
      "knownRecipient": null,
      "senderDelegate": null,
      "recipientPublicKey":
        "03933b36970c8d298ecaeb61e00215d9bed03f9f01cdd4523233c7297df7f71e37",
      "recipientDelegate": null
    },
    {
      "id": "626dce101420173f9fe864a4fc9eb8d1ab60ed542869436d81622d280b261a3c",
      "blockid": "4094442188032841122",
      "type": 0,
      "timestamp": 25541640,
      "amount": 19980000000,
      "fee": 10000000,
      "vendorField": "binance",
      "senderId": "AJPLbmtreb6NgBe7o1WPTz6p97rStumFZY",
      "recipientId": "AFrPtEmzu6wdVpa2CnRDEKGQQMWgq8nE9V",
      "senderPublicKey":
        "025e7d5af0818ab620afff64a7193ed4157b1300a5f349cfc8c11127300d47048c",
      "signature":
        "30440220763b4b6ad4d367946dd131b680b71ed463566c48cbb76217c87e57bf7e4593540220097296cc476963067fa4d7665ddb7fe682d902821273b52bb209f1f4afb55faa",
      "asset": {},
      "confirmations": 25,
      "knownSender": null,
      "knownRecipient": null,
      "senderDelegate": null,
      "recipientPublicKey": null,
      "recipientDelegate": null
    },
    {
      "id": "c0aaab0aeec75feb7db55ff6129a14668e2882923d7c2a4b443a517a4d62d5eb",
      "blockid": "4094442188032841122",
      "type": 0,
      "timestamp": 25541640,
      "amount": 34980000000,
      "fee": 10000000,
      "vendorField": "binance",
      "senderId": "AUy7PfKc7pz4EKkULEA3Fo6nkep6ZHhEgV",
      "recipientId": "AFrPtEmzu6wdVpa2CnRDEKGQQMWgq8nE9V",
      "senderPublicKey":
        "020484be9b3cea6e37e6682e6dbc0523e08c7b7ad3f7fd356390eb6b0adb2fba75",
      "signature":
        "3045022100ceb03372d9b0a4461776ba5b249a81af895788111b7a78546a59a12424126b9f02206f7a1637ac91bf2d88aeeeb4c5d7eaeb1d31bbe05de41a65d9a1f86cf2c7563a",
      "asset": {},
      "confirmations": 25,
      "knownSender": null,
      "knownRecipient": null,
      "senderDelegate": null,
      "recipientPublicKey": null,
      "recipientDelegate": null
    },
    {
      "id": "9337d7f014b4e9754054eef615986b23268b53c594bbc8bc4b7fc46d0cd2122a",
      "blockid": "8363586756405298751",
      "type": 0,
      "timestamp": 25541624,
      "amount": 60049999994,
      "fee": 10000000,
      "senderId": "AUexKjGtgsSpVzPLs6jNMM6vJ6znEVTQWK",
      "recipientId": "ANM1f9GJ7G4mpgdPnvdoiYiVcjtTvdcXNL",
      "senderPublicKey":
        "02ff171adaef486b7db9fc160b28433d20cf43163d56fd28fee72145f0d5219a4b",
      "signature":
        "30440220384c9d2f15b85775def5c0bd904de6d9ed49bd695a8df85c2cb32f75ee4a098802201dda2b0ac28f0a3741465f34dd97dfafdc49752ce7856013c755a3b7402af078",
      "asset": {},
      "confirmations": 24,
      "knownSender": { "owner": "Bittrex", "description": "Main Wallet" },
      "knownRecipient": null,
      "senderDelegate": null,
      "recipientPublicKey": null,
      "recipientDelegate": null
    },
    {
      "id": "56f8b5bc9d0d6785cb954192976d42189f918ee089ad246e8a012a4ed63a7d58",
      "blockid": "16808475711853902464",
      "type": 3,
      "timestamp": 25541572,
      "amount": 0,
      "fee": 100000000,
      "senderId": "AbH47Umo5YqTdzunmp7JrEpRmMjeG4ENmM",
      "recipientId": "AbH47Umo5YqTdzunmp7JrEpRmMjeG4ENmM",
      "senderPublicKey":
        "029bc2fb1934846e78ed93e7de1527089939e62e5ba7468120f303b440b95cf030",
      "signature":
        "304402202c216a0d0e902ee164e116d2f1a753488e6d03daa60495702fed74afb5f8c07302202a6e2965aba463bb534ee7c757cba96c541d942b6bf2565898250b0596515001",
      "asset": {
        "votes": [
          "+020431436cf94f3c6a6ba566fe9e42678db8486590c732ca6c3803a10a86f50b92"
        ]
      },
      "confirmations": 10,
      "knownSender": null,
      "knownRecipient": null,
      "senderDelegate": null,
      "recipientPublicKey": null,
      "recipientDelegate": null
    },
    {
      "id": "7be73fd8047a041c5c992a9e60e0d3d6a4ad4468f5648fd4574cceba01e4068e",
      "blockid": "10791090462761977628",
      "type": 0,
      "timestamp": 25541524,
      "amount": 5000000000,
      "fee": 10000000,
      "senderId": "AGnc3Mn3BqqZuRVY6AfeQRhrUeyjrWq79b",
      "recipientId": "ALvE2Xr5EHMSuEtgEGcqKnfKpBwExwsrTX",
      "senderPublicKey":
        "03276c56ce2da418bf9763b0acb244bf1b4131957200b585b0f0082c82774262d2",
      "signature":
        "3045022100bced07a0cdfe09245ab07c4b43de109c86d82178ee9986dbf1cf551f8812291b02200809f85d4c4baabee9f4ac97af2c7abc24e267462cf57949e35a216929522812",
      "asset": {},
      "confirmations": 39,
      "knownSender": null,
      "knownRecipient": null,
      "senderDelegate": null,
      "recipientPublicKey":
        "020dc1500cda16b6f7d54c59e287a08dc8d2886b22145db9487308a71046a8cf50",
      "recipientDelegate": null
    },
    {
      "id": "cbf7d123d522f412b1d54776eb2f923c614b1c6683ff67a4c85c37747a2f432a",
      "blockid": "4674443259268284055",
      "type": 0,
      "timestamp": 25541499,
      "amount": 19990000000,
      "fee": 10000000,
      "senderId": "AUexKjGtgsSpVzPLs6jNMM6vJ6znEVTQWK",
      "recipientId": "AJPLbmtreb6NgBe7o1WPTz6p97rStumFZY",
      "senderPublicKey":
        "02ff171adaef486b7db9fc160b28433d20cf43163d56fd28fee72145f0d5219a4b",
      "signature":
        "3045022100961861455cb3ab61e2c4e9178bddb4ec0f238af637fcc133b50f96e4615a083c02203d786aa0661de3f61b8c9b4db0338a359c25ba0054217244578954f2cb2a75d7",
      "asset": {},
      "confirmations": 40,
      "knownSender": { "owner": "Bittrex", "description": "Main Wallet" },
      "knownRecipient": null,
      "senderDelegate": null,
      "recipientPublicKey": null,
      "recipientDelegate": null
    },
    {
      "id": "557332465f20b063c88b3c79ce80a76cc544823d4879eb8392dda7d03de0ed35",
      "blockid": "4674443259268284055",
      "type": 0,
      "timestamp": 25541496,
      "amount": 54043999995,
      "fee": 10000000,
      "senderId": "AUexKjGtgsSpVzPLs6jNMM6vJ6znEVTQWK",
      "recipientId": "ANM1f9GJ7G4mpgdPnvdoiYiVcjtTvdcXNL",
      "senderPublicKey":
        "02ff171adaef486b7db9fc160b28433d20cf43163d56fd28fee72145f0d5219a4b",
      "signature":
        "3045022100c035a7588e2040ff0aae2dfc8c40456742a13aec4c7e31370279de225ace2ccb02202ff6c5fa3e5d50cfb9bebfe48e6067007882ebb02c1317a1418a0ecdc0ec4eab",
      "asset": {},
      "confirmations": 40,
      "knownSender": { "owner": "Bittrex", "description": "Main Wallet" },
      "knownRecipient": null,
      "senderDelegate": null,
      "recipientPublicKey": null,
      "recipientDelegate": null
    },
    {
      "id": "cc711840cb2ab68b28697fd294b1787fe784c47c4f634a9c02687f58afa8a085",
      "blockid": "16808475711853902464",
      "type": 0,
      "timestamp": 25541494,
      "amount": 10,
      "fee": 10000000,
      "vendorField": "899871a0-f682-11e7-89b1-4572589e9378",
      "senderId": "AHEMBgWSK3G5dyCk4S4Vh2KmiWtwX2v5uq",
      "recipientId": "AKdr5d9AMEnsKYxpDcoHdyyjSCKVx3r9Nj",
      "senderPublicKey":
        "02456f25231da68848be17ff23f1c2d838ddf1aeffcdec1db994538dece002cddc",
      "signature":
        "3045022100ee154597405bf42c4a05bd6c7ae61b971649175d28215ed9cfe5ad1581444cb202206e51d4437dfee7b73e2c19638e72b04244407289a32f80569458bac4e2970a55",
      "asset": {},
      "confirmations": 10,
      "knownSender": null,
      "knownRecipient": null,
      "senderDelegate": null,
      "recipientPublicKey":
        "020431436cf94f3c6a6ba566fe9e42678db8486590c732ca6c3803a10a86f50b92",
      "recipientDelegate": {
        "username": "biz_classic",
        "address": "AKdr5d9AMEnsKYxpDcoHdyyjSCKVx3r9Nj",
        "publicKey":
          "020431436cf94f3c6a6ba566fe9e42678db8486590c732ca6c3803a10a86f50b92",
        "vote": "140936339056102",
        "producedblocks": 41040,
        "missedblocks": 220,
        "rate": 21,
        "approval": 1.07,
        "productivity": 99.47
      }
    },
    {
      "id": "a27bff5a59436e6f732aa154eb090a3e5c23d7d4c6ccc57d2529d56f39d0710b",
      "blockid": "3551695301494594225",
      "type": 0,
      "timestamp": 25541460,
      "amount": 12724000000,
      "fee": 10000000,
      "vendorField": "binance",
      "senderId": "AFrPtEmzu6wdVpa2CnRDEKGQQMWgq8nE9V",
      "recipientId": "ARGDZWWg9cXnrqAgTbf8En3xRdrAUqjAzZ",
      "senderPublicKey":
        "03933b36970c8d298ecaeb61e00215d9bed03f9f01cdd4523233c7297df7f71e37",
      "signature":
        "304402206ecc9ec7b7b14f630ba2cc35a3d808bf0d3b4e1f93f3251b9c62dfdf034d62ae0220132190746835e6de6cef1660bc3e90faa1d26541c5d5cb7ca57096817682771b",
      "asset": {},
      "confirmations": 48,
      "knownSender": null,
      "knownRecipient": null,
      "senderDelegate": null,
      "recipientPublicKey":
        "02fb78ef645fa017ba1caf1e81aeffe11a127b25cf2460b10bc55e21825b2945dc",
      "recipientDelegate": null
    },
    {
      "id": "e960f1b47735c5d44aeffc2c4307bca01a65cc5ac7a970cf2cd7fb2bb7391cb4",
      "blockid": "7980422115045270731",
      "type": 0,
      "timestamp": 25541451,
      "amount": 490000000,
      "fee": 10000000,
      "vendorField": "binance",
      "senderId": "AFrPtEmzu6wdVpa2CnRDEKGQQMWgq8nE9V",
      "recipientId": "AcCfdFuvctWN1DHXEzBkkQvQ4XqNWo5EqC",
      "senderPublicKey":
        "03933b36970c8d298ecaeb61e00215d9bed03f9f01cdd4523233c7297df7f71e37",
      "signature":
        "30440220009916a1b3f3d1324c0f55e6751548d666e3fea27bc8c7634c6662f4246a741b02206b4b5574d794dcc0e836e1b15de62648d1ede347b267f174d813d0169f93b0c5",
      "asset": {},
      "confirmations": 49,
      "knownSender": null,
      "knownRecipient": null,
      "senderDelegate": null,
      "recipientPublicKey": null,
      "recipientDelegate": null
    },
    {
      "id": "88552a1a3316d949ab83371f24446369cb1a704bafedf1a5294067b48dfaa6a9",
      "blockid": "8595406942742950726",
      "type": 0,
      "timestamp": 25541442,
      "amount": 4187798000,
      "fee": 10000000,
      "vendorField": "binance",
      "senderId": "AFrPtEmzu6wdVpa2CnRDEKGQQMWgq8nE9V",
      "recipientId": "AGnc3Mn3BqqZuRVY6AfeQRhrUeyjrWq79b",
      "senderPublicKey":
        "03933b36970c8d298ecaeb61e00215d9bed03f9f01cdd4523233c7297df7f71e37",
      "signature":
        "3045022100a89f08c41f843a5a27061d5b881c0a444ec8abb48b34668da9c21841371ecab2022017a9f2e8b32c0a0ea9701f9218f393e00d40cbe331c802d1b701efb35ce3442d",
      "asset": {},
      "confirmations": 50,
      "knownSender": null,
      "knownRecipient": null,
      "senderDelegate": null,
      "recipientPublicKey": null,
      "recipientDelegate": null
    },
    {
      "id": "90d9dd75cfddcddce5e6f96d9bcb5edf40283aad66ceaaceb1f3d43f13b7297e",
      "blockid": "13450990410234803749",
      "type": 0,
      "timestamp": 25541434,
      "amount": 20006766,
      "fee": 10000000,
      "vendorField": "arkX: profit share",
      "senderId": "AdVSe37niA3uFUPgCgMUH2tMsHF4LpLoiX",
      "recipientId": "AeS1bT1r3Z7oaax72Hq6wNtNVhe1FKYWjo",
      "senderPublicKey":
        "032fcfd19f0e095bf46bd3ada87e283720c405249b1be1a70bad1d5f20095a8515",
      "signature":
        "30440220128336c0f79d28d29343bca4e3f7455161eab4e4ee1bc05ccc9daf2673220bb10220459cf0742c860dda8d5b77cccee13af98682ba035d719e17e86f53c15c087398",
      "signSignature":
        "3045022100e7b4c3c9151ad0d02b87152ba23267dbcbb6e31b937988cbc43a15a7a36b52f602204445295c620cdcb62bfe9208cf2cb6d79126e5d37291b530b7eae03f01abe073",
      "asset": {},
      "confirmations": 51,
      "knownSender": null,
      "knownRecipient": null,
      "senderDelegate": {
        "username": "arkx",
        "address": "AdVSe37niA3uFUPgCgMUH2tMsHF4LpLoiX",
        "publicKey":
          "032fcfd19f0e095bf46bd3ada87e283720c405249b1be1a70bad1d5f20095a8515",
        "vote": "146815986477632",
        "producedblocks": 25160,
        "missedblocks": 86,
        "rate": 6,
        "approval": 1.12,
        "productivity": 99.66
      },
      "recipientPublicKey":
        "02d2b378571e0e1754ad1f99137e0954ab6219d8ee42f33fa9e5b8abd191229be2",
      "recipientDelegate": null
    },
    {
      "id": "87a8b73d82df9e8d050c3cd21fb3e4668a533fb3eef7b6e1e1849d0f31983cd3",
      "blockid": "8595406942742950726",
      "type": 0,
      "timestamp": 25541433,
      "amount": 90000000,
      "fee": 10000000,
      "vendorField": "binance",
      "senderId": "AFrPtEmzu6wdVpa2CnRDEKGQQMWgq8nE9V",
      "recipientId": "AdTSSyinu7FEAqWLo3WjmZMynEB1n7VHgE",
      "senderPublicKey":
        "03933b36970c8d298ecaeb61e00215d9bed03f9f01cdd4523233c7297df7f71e37",
      "signature":
        "3045022100ec819438ff44b42befb28bcc097e989706c2228b9e54bc9235e23003f2720a8d022058f7edda0266525d69d7f0534c545bad44edebb237b12aad143faa642bc7398c",
      "asset": {},
      "confirmations": 50,
      "knownSender": null,
      "knownRecipient": null,
      "senderDelegate": null,
      "recipientPublicKey": null,
      "recipientDelegate": null
    },
    {
      "id": "be41780b1fd6452f1b43c23943943aa75c6982c7afde32f54694b52add4793b5",
      "blockid": "3013874965711310100",
      "type": 0,
      "timestamp": 25541424,
      "amount": 1024964000,
      "fee": 10000000,
      "vendorField": "binance",
      "senderId": "AFrPtEmzu6wdVpa2CnRDEKGQQMWgq8nE9V",
      "recipientId": "ANMLcQvK1VrYAVChk3g8e51SV8AMQaFQzd",
      "senderPublicKey":
        "03933b36970c8d298ecaeb61e00215d9bed03f9f01cdd4523233c7297df7f71e37",
      "signature":
        "304402204776ac674cad4ae8e7f063c72c1ad60b71706a98f01d94c0e6a184f1b06e2632022058db7011fe08ad6d8871165bc5399e69159aeccb18122ac5678bc24cb568c7cb",
      "asset": {},
      "confirmations": 52,
      "knownSender": null,
      "knownRecipient": null,
      "senderDelegate": null,
      "recipientPublicKey": null,
      "recipientDelegate": null
    },
    {
      "id": "1d34f4eaf0cd1ef146e291c78b1097e61b6b96a5f6ca734338ddb48d57c22f22",
      "blockid": "8665771669284064427",
      "type": 0,
      "timestamp": 25541371,
      "amount": 34990000000,
      "fee": 10000000,
      "senderId": "AUexKjGtgsSpVzPLs6jNMM6vJ6znEVTQWK",
      "recipientId": "AUy7PfKc7pz4EKkULEA3Fo6nkep6ZHhEgV",
      "senderPublicKey":
        "02ff171adaef486b7db9fc160b28433d20cf43163d56fd28fee72145f0d5219a4b",
      "signature":
        "3045022100b51b02f297d940f2ad548667cefa0bf14f3e3fe4821a0d63ca60a8e04705c50b022060dff5e5a66ac836f7c92b09f06b42bff08a13c6bbad616d717a49f22f686dce",
      "asset": {},
      "confirmations": 56,
      "knownSender": { "owner": "Bittrex", "description": "Main Wallet" },
      "knownRecipient": null,
      "senderDelegate": null,
      "recipientPublicKey": null,
      "recipientDelegate": null
    },
    {
      "id": "ccb0397b5f67bf8a788a74c5c11088d83b1aba76d49d253f90d1b53a636ed5ce",
      "blockid": "8665771669284064427",
      "type": 0,
      "timestamp": 25541366,
      "amount": 151653459000,
      "fee": 10000000,
      "senderId": "AUexKjGtgsSpVzPLs6jNMM6vJ6znEVTQWK",
      "recipientId": "AbuVnkzdwKrG13J6SHdyFVkCR5mmQUt9ff",
      "senderPublicKey":
        "02ff171adaef486b7db9fc160b28433d20cf43163d56fd28fee72145f0d5219a4b",
      "signature":
        "304502210091f42fa002a982225220fb1a67e51c42a96b63fc281b838042ff5bcce47bf0dd022029c9c82b34aaabe51c2907eaa6de2123fbf0b4783bfa871103fb6f39c32f2809",
      "asset": {},
      "confirmations": 56,
      "knownSender": { "owner": "Bittrex", "description": "Main Wallet" },
      "knownRecipient": null,
      "senderDelegate": null,
      "recipientPublicKey":
        "0206f032b003a27a87fd2c08b054939a0e131bd3c594b6d3e79d344bd02e7784fb",
      "recipientDelegate": null
    },
    {
      "id": "4256c8605e4d6600f117483c4f76472ba600ab67f2bd47dc4b0eb9c86a92f9f8",
      "blockid": "1977159787067159919",
      "type": 0,
      "timestamp": 25541364,
      "amount": 60049999994,
      "fee": 10000000,
      "senderId": "AUexKjGtgsSpVzPLs6jNMM6vJ6znEVTQWK",
      "recipientId": "ANM1f9GJ7G4mpgdPnvdoiYiVcjtTvdcXNL",
      "senderPublicKey":
        "02ff171adaef486b7db9fc160b28433d20cf43163d56fd28fee72145f0d5219a4b",
      "signature":
        "3044022050b4e9f117e1358026b1ce01ab97700841b71bc0238556d36dc60e37f52c6508022029ffc29903b59f0024735f9f23ff9f83ba892796e6071ba0fde609e62361bbb8",
      "asset": {},
      "confirmations": 57,
      "knownSender": { "owner": "Bittrex", "description": "Main Wallet" },
      "knownRecipient": null,
      "senderDelegate": null,
      "recipientPublicKey": null,
      "recipientDelegate": null
    }
  ]
}
